!THEORY;Il corpo umano ha plurali strani!|üëÅÔ∏è Das Auge -> Die Augen (Gli occhi)|ü¶∂ Der Fu√ü -> Die F√º√üe (I piedi)|Per dire "Sto male" usa "Ich bin krank" (Sono malato) o "Ich habe Schmerzen" (Ho dolori).
Il corpo;Der K√∂rper;Maschile
La testa;Der Kopf;Maschile
La mano;Die Hand;Femminile (Plurale: Die H√§nde)
Il piede;Der Fu√ü;Maschile (Plurale: Die F√º√üe)
L'occhio;Das Auge;Neutro
Gli occhi;Die Augen;Plurale in -n
I capelli;Die Haare;Plurale (usato spesso al plurale)
La pancia;Der Bauch;Maschile
La gamba;Das Bein;Neutro (come l'osso)
Sono malato;Ich bin krank;Aggettivo
Ho la febbre;Ich habe Fieber;Fieber √® Neutro
Ho mal di testa;Ich habe Kopfschmerzen;Letteralmente: dolori di testa
La farmacia;Die Apotheke;Femminile
I vestiti;Die Kleidung;Femminile (singolare collettivo)
La giacca;Die Jacke;Femminile
I pantaloni;Die Hose;Singolare in tedesco (Die Hose, non Hosen)
Le scarpe;Die Schuhe;Plurale
La maglietta;Das T-Shirt;Neutro (prestito inglese)
Il vestito (da donna);Das Kleid;Neutro
Il colore;Die Farbe;Femminile
Rosso;Rot;Aggettivo
Blu;Blau;Aggettivo
Nero;Schwarz;Aggettivo
Bianco;Wei√ü;Aggettivo
Verde;Gr√ºn;Aggettivo
Mi piace il blu;Ich mag Blau;Verbo M√∂gen