!THEORY;Al Ristorante üçΩÔ∏è:|Non dire "Ich will" (Io voglio), √® maleducato!|Usa "Ich m√∂chte" (Vorrei).|Acqua in Germania? Se chiedi 'Wasser' √® sempre frizzante. Per l'naturale chiedi 'Stilles Wasser'.
Il pane;Das Brot;Neutro
L'acqua;Das Wasser;Neutro (spesso frizzante di default)
Il caff√®;Der Kaffee;Maschile
Il t√®;Der Tee;Maschile
La carne;Das Fleisch;Neutro
Il pesce;Der Fisch;Maschile
La verdura;Das Gem√ºse;Neutro (collettivo)
La frutta;Das Obst;Neutro (collettivo, non ha plurale)
Il conto, per favore;Die Rechnung, bitte;Frase fissa
Un tavolo per due;Ein Tisch f√ºr zwei;'F√ºr' regge l'accusativo