!THEORY;La regola sociale n.1 in Germania: "Du" vs "Sie".|ü§ù Usa 'Du' (informale) con amici, famiglia e bambini.|üëî Usa 'Sie' (formale) con sconosciuti, capi e negozianti.|Nota: 'Sie' formale si scrive sempre maiuscolo!
Ciao (informale);Hallo;Si usa con amici e famiglia
Buongiorno;Guten Morgen;Fino alle 10:00 circa
Buonasera;Guten Abend;Dopo le 18:00
Arrivederci (formale);Auf Wiedersehen;Letteralmente: 'A rivederci'
Arrivederci (informale);Tsch√ºss;Molto comune, si usa ovunque
Come ti chiami?;Wie hei√üt du?;Usa il verbo hei√üen (chiamarsi)
Mi chiamo...;Ich hei√üe...;Verbo hei√üen
Piacere;Freut mich;Abbreviazione di 'Es freut mich'
Da dove vieni?;Woher kommst du?;'Woher' implica movimento da un luogo
Vengo dall'Italia;Ich komme aus Italien;Usa 'aus' per le nazioni
Parli tedesco?;Sprichst du Deutsch?;Verbo irregolare (e -> i)
Ho 30 anni;Ich bin drei√üig Jahre alt;In tedesco 'si √®' vecchi, non 'si hanno' anni