!THEORY;Reggenza Verbale (Rektion) üéØ|Molti verbi tedeschi reggono preposizioni FISSE (diverso dall'italiano!)|‚ö†Ô∏è Per italiani: √® una delle difficolt√† maggiori del B2|Le preposizioni vanno SEMPRE imparate insieme al verbo|Es: denken AN (pensare A), warten AUF (aspettare -), sich freuen √úBER/AUF
Penso a te;Ich denke an dich;denken AN + Accusativo
Aspetto il treno;Ich warte auf den Zug;warten AUF + Accusativo
Mi interesso di politica;Ich interessiere mich f√ºr Politik;sich interessieren F√úR + Acc.
Credo in Dio;Ich glaube an Gott;glauben AN + Accusativo
Dipende da te;Es h√§ngt von dir ab;abh√§ngen VON + Dativo
Partecipo alla riunione;Ich nehme an der Sitzung teil;teilnehmen AN + Dativo
Mi rallegro del regalo;Ich freue mich √ºber das Geschenk;sich freuen √úBER + Acc. (gi√† avvenuto)
Non vedo l'ora delle vacanze;Ich freue mich auf die Ferien;sich freuen AUF + Acc. (futuro)
Chiedo informazioni;Ich frage nach Informationen;fragen NACH + Dativo
Ho paura del cane;Ich habe Angst vor dem Hund;Angst haben VOR + Dativo
Mi occupo dei bambini;Ich k√ºmmere mich um die Kinder;sich k√ºmmern UM + Accusativo
Sono orgoglioso di te;Ich bin stolz auf dich;stolz sein AUF + Accusativo
Rinuncio al progetto;Ich verzichte auf das Projekt;verzichten AUF + Accusativo
Mi scuso per il ritardo;Ich entschuldige mich f√ºr die Versp√§tung;sich entschuldigen F√úR + Acc.
Parlo di lavoro;Ich spreche √ºber die Arbeit;sprechen √úBER + Accusativo
Mi preparo per l'esame;Ich bereite mich auf die Pr√ºfung vor;sich vorbereiten AUF + Acc.
Protesto contro la decisione;Ich protestiere gegen die Entscheidung;protestieren GEGEN + Acc.
Ringrazio per l'aiuto;Ich bedanke mich f√ºr die Hilfe;sich bedanken F√úR + Acc.
Dubbito della verit√†;Ich zweifle an der Wahrheit;zweifeln AN + Dativo
Mi lamento del rumore;Ich beschwere mich √ºber den L√§rm;sich beschweren √úBER + Acc.
